source,overall_dba,contribution_pct,mode,energy_share_pct,rank,total_dba
total,52.70418883435515,100.0,combined,49.99999999999999,1,55.71448879099496
convection_fan,50.484871920312415,59.98854226267045,combined,29.99427113133522,2,55.71448879099496
cooling_fan,48.19956386304597,35.44357357425969,combined,17.721786787129844,3,55.71448879099496
door_seal,37.30443165003472,2.884192754921314,combined,1.4420963774606568,4,55.71448879099496
magnetron,32.95119282661893,1.0585232443403183,combined,0.5292616221701592,5,55.71448879099496
transformer,30.66415737244476,0.6251681638081734,combined,0.3125840819040864,6,55.71448879099496
