fan_blades,fan_rpm,panel_damp_pct,soundpack_dens,doe_type,dBA,tonal_dB,cost_index,weight_kg,thermal_index,mag_shield_kg,air_gap_mm,isolator_K
32,2000.0,0.0,20.0,ffd_2k-1_resIV,46.11576340497382,45.90233419626547,0.01295377076201385,0.08415149282040127,0.9329753987582998,0.15,12.0,8000.0
32,2000.0,80.0,120.0,ffd_2k-1_resIV,44.0,46.76107275460476,0.7153486945830582,0.34452628070325236,0.576276801307579,0.15,12.0,8000.0
32,4500.0,0.0,120.0,ffd_2k-1_resIV,48.83817626091368,50.30042665117956,0.35483924543132067,0.0,0.588252465024609,0.15,12.0,8000.0
32,4500.0,80.0,20.0,ffd_2k-1_resIV,47.61756821766766,50.02687596779748,0.35628494665190547,0.28259879622393946,0.8176308889599413,0.15,12.0,8000.0
48,2000.0,0.0,120.0,ffd_2k-1_resIV,44.06292818535332,46.4985781966078,0.45135056409375846,0.0,0.6236685182642445,0.15,12.0,8000.0
48,2000.0,80.0,20.0,ffd_2k-1_resIV,44.0,46.03596955813992,0.4575139603669134,0.29796806550405974,0.8512491875062017,0.15,12.0,8000.0
48,4500.0,0.0,20.0,ffd_2k-1_resIV,50.69499598196449,51.33943062021916,0.09973005550524133,0.0,0.9646763473630956,0.15,12.0,8000.0
48,4500.0,80.0,120.0,ffd_2k-1_resIV,44.91373670339102,50.517723325467074,0.7608065975224044,0.30159069755507845,0.5659058370760738,0.15,12.0,8000.0
