fan_blades,fan_rpm,panel_damp_pct,soundpack_dens,doe_type,dBA,tonal_dB,cost_index,weight_kg,thermal_index,mag_shield_kg,air_gap_mm,isolator_K
40,3250.0,40.0,70.0,centre_point,45.02780757651464,49.25235080726165,0.3976870343522352,0.17294481522053556,0.7056443402889772,0.15,12.0,8000.0
40,3250.0,40.0,70.0,centre_point,44.444483261158595,48.93634728118677,0.42114244452437827,0.20518091447842307,0.697108795339118,0.15,12.0,8000.0
40,3250.0,40.0,70.0,centre_point,44.86205453227439,48.97412552645851,0.38646155999388077,0.2185838144420434,0.7809299856748785,0.15,12.0,8000.0
