freq_Hz,IL_existing_dB,IL_target_dB,IL_gap_dB
125,1.7070431975133338,5.5,4.0
250,2.679633858434249,6.8,4.0
315,4.267227744543125,8.2,4.0
400,5.803777720234538,9.8,4.0
500,7.129302829564649,11.1,4.0
630,8.16809706484336,12.4,4.0
1000,9.207353052277682,13.2,4.0
2000,10.249399487373635,14.1,4.0
4000,8.935343082338512,12.5,4.0
8000,6.487781247825562,10.2,4.0
