,overall_dBA,contribution_pct
convection_fan,50.484871920312415,59.98854226267045
magnetron,32.95119282661893,1.0585232443403183
cooling_fan,48.19956386304597,35.44357357425969
transformer,30.664157372444762,0.6251681638081734
door_seal,37.30443165003472,2.884192754921314
total,52.70418883435515,100.0
